{"cameraMode":{"drawMode":0,"name":"Shaded","section":"Shading Mode"},"sceneLighting":false,"audioPlay":false,"sceneViewState":{"m_AlwaysRefresh":false,"showFog":true,"showSkybox":false,"showFlares":true,"showImageEffects":true,"showParticleSystems":true,"showVisualEffectGraphs":true,"m_FxEnabled":false},"in2DMode":false,"pivot":{"x":61.04528045654297,"y":77.69996643066406,"z":487.1635437011719},"rotation":{"x":-0.45404812693595889,"y":0.004541381727904081,"z":-0.002314402721822262,"w":-0.8909629583358765},"size":24.177793502807618,"orthographic":false}