{"cameraMode":{"drawMode":0,"name":"Shaded","section":"Shading Mode"},"sceneLighting":true,"audioPlay":false,"sceneViewState":{"m_AlwaysRefresh":false,"showFog":true,"showSkybox":true,"showFlares":true,"showImageEffects":true,"showParticleSystems":true,"showVisualEffectGraphs":true,"m_FxEnabled":false},"in2DMode":false,"pivot":{"x":140.2860565185547,"y":-65.75534057617188,"z":338.0311584472656},"rotation":{"x":0.26801738142967226,"y":0.056317150592803958,"z":-0.015691500157117845,"w":0.9616397023200989},"size":119.5675277709961,"orthographic":false}