{"cameraMode":{"drawMode":0,"name":"Shaded","section":"Shading Mode"},"sceneLighting":false,"audioPlay":false,"sceneViewState":{"m_AlwaysRefresh":false,"showFog":true,"showSkybox":false,"showFlares":true,"showImageEffects":true,"showParticleSystems":true,"showVisualEffectGraphs":true,"m_FxEnabled":false},"in2DMode":false,"pivot":{"x":0.5087107419967651,"y":3.347501754760742,"z":1.087167501449585},"rotation":{"x":0.40638551115989687,"y":0.005134375765919685,"z":-0.00228354730643332,"w":0.9136875867843628},"size":13.078368186950684,"orthographic":false}